{
	"materials": [],
	"meshes": [
		{
			"name": "wall",
			"id": "d66c05ad-967f-4f69-a6fb-7d47281b641c",
			"uniqueId": 13,
			"type": "Mesh",
			"tags": "modified",
			"position": [
				-6.286036352137401,
				-12.920387520836803,
				27.762395723612777
			],
			"rotationQuaternion": [
				0,
				-0.45434530232896553,
				0,
				0.8908256505510593
			],
			"scaling": [
				0.018789808120536353,
				26.760833740234375,
				15.551692968560948
			],
			"localMatrix": {
				"0": 1,
				"1": 0,
				"2": 0,
				"3": 0,
				"4": 0,
				"5": 1,
				"6": 0,
				"7": 0,
				"8": 0,
				"9": 0,
				"10": 1,
				"11": 0,
				"12": 0,
				"13": 0,
				"14": 0,
				"15": 1
			},
			"isEnabled": true,
			"isVisible": true,
			"infiniteDistance": false,
			"pickable": true,
			"receiveShadows": false,
			"billboardMode": 0,
			"visibility": 1,
			"checkCollisions": true,
			"isBlocker": false,
			"overrideMaterialSideOrientation": null,
			"isUnIndexed": false,
			"geometryId": "dc6852b8-29de-4459-bd67-1886b4ab21b8",
			"subMeshes": null,
			"materialId": "965b4240-9156-4704-8e39-cc381d3c7123",
			"physicsMass": 0,
			"physicsFriction": 0.2,
			"physicsRestitution": 0,
			"physicsImpostor": 2,
			"metadata": {
				"isPickable": true,
				"script": {}
			},
			"instances": [
				{
					"name": "wall (Mesh Instance)",
					"id": "bdcf18b5-1996-4049-98a4-6c8663cbde8d",
					"isEnabled": true,
					"isVisible": true,
					"isPickable": true,
					"checkCollisions": true,
					"position": [
						-7.71186164856624,
						-12.906669869201247,
						37.30968435224487
					],
					"scaling": [
						0.01878979942180216,
						26.760833740234375,
						15.55168965023112
					],
					"rotationQuaternion": [
						0,
						0.9227022241932931,
						0,
						-0.38551342815939676
					],
					"physicsMass": 0,
					"physicsFriction": 0.2,
					"physicsRestitution": 0,
					"physicsImpostor": 2,
					"metadata": {
						"isPickable": true,
						"script": {}
					},
					"animations": [],
					"ranges": []
				},
				{
					"name": "wall (Mesh Instance)",
					"id": "4397e95b-7703-4a64-b07c-aa20de78eb14",
					"isEnabled": true,
					"isVisible": true,
					"isPickable": true,
					"checkCollisions": true,
					"position": [
						5.1729151165454414,
						-12.907267823009333,
						39.70696548976249
					],
					"scaling": [
						0.01878980305413023,
						26.760833740234375,
						15.55169054218585
					],
					"rotationQuaternion": [
						0,
						-0.569540933916534,
						0,
						0.8219629668527718
					],
					"physicsMass": 0,
					"physicsFriction": 0.2,
					"physicsRestitution": 0,
					"physicsImpostor": 2,
					"metadata": {
						"isPickable": true,
						"script": {}
					},
					"animations": [],
					"ranges": []
				},
				{
					"name": "wall (Mesh Instance)",
					"id": "a0c9eb97-48e7-4e85-9bfc-b93ceb37a81b",
					"isEnabled": true,
					"isVisible": true,
					"isPickable": true,
					"checkCollisions": true,
					"position": [
						8.32426533914537,
						-12.91076494679601,
						29.944200847766236
					],
					"scaling": [
						0.0187898013633,
						26.760833740234375,
						15.551689859054505
					],
					"rotationQuaternion": [
						0,
						0.9658520715504174,
						0,
						-0.25909414245605344
					],
					"physicsMass": 0,
					"physicsFriction": 0.2,
					"physicsRestitution": 0,
					"physicsImpostor": 2,
					"metadata": {
						"isPickable": true,
						"script": {}
					},
					"animations": [],
					"ranges": []
				}
			],
			"animations": [],
			"ranges": [],
			"layerMask": 268435455,
			"alphaIndex": 1.7976931348623157e+308,
			"hasVertexAlpha": false,
			"overlayAlpha": 0.3,
			"overlayColor": [
				1,
				0,
				0
			],
			"applyFog": true,
			"delayLoadingFile": "geometries/dc6852b8-29de-4459-bd67-1886b4ab21b8.babylonbinarymeshdata",
			"boundingBoxMaximum": [
				0.5,
				0.5,
				0.5
			],
			"boundingBoxMinimum": [
				-0.5,
				-0.5,
				-0.5
			],
			"_binaryInfo": {
				"positionsAttrDesc": {
					"count": 72,
					"stride": 3,
					"offset": 0,
					"dataType": 1
				},
				"normalsAttrDesc": {
					"count": 72,
					"stride": 3,
					"offset": 288,
					"dataType": 1
				},
				"uvsAttrDesc": {
					"count": 48,
					"stride": 2,
					"offset": 576,
					"dataType": 1
				},
				"indicesAttrDesc": {
					"count": 36,
					"stride": 1,
					"offset": 768,
					"dataType": 0
				},
				"subMeshesAttrDesc": {
					"count": 1,
					"stride": 5,
					"offset": 912,
					"dataType": 0
				}
			},
			"positions": null,
			"normals": null,
			"uvs": null,
			"hasUVs": true,
			"indices": null
		}
	],
	"multiMaterials": [],
	"lods": []
}